candidate_id,term_id,source_lang,target_lang,source_term,current_target_term,domain,priority,status,current_alias,current_note,problem_type,evidence_source,frequency,suggested_action,suggested_target_term,suggested_alias,suggested_priority,suggested_status,suggested_note,tcr_scope,acceptance_scope,owner,decision_status
TBV03-0001,en_0001,en,zh,vehicle,车辆,general,high,active,,汽车法规通用术语,broad term,termbase_v0.2_static_scan,,downgrade priority / exclude from core high terms / mark review,,,low,review,Broad or structural term; exclude from external core high term acceptance.,,,杨杰康,candidate
TBV03-0002,en_0002,en,zh,motor vehicle,机动车,general,high,active,,道路车辆法规常见术语,broad term,termbase_v0.2_static_scan,,downgrade priority / exclude from core high terms / mark review,,,low,review,Broad or structural term; exclude from external core high term acceptance.,,,杨杰康,candidate
TBV03-0003,en_0003,en,zh,type approval,型式认证,certification,high,active,,认证法规术语,missing,termbase_v0.2_static_scan,,check injection / add alias / adjust prompt strategy,,,,review,"Check whether missing is caused by injection failure, alias gap, or prompt behavior.",strict,external_acceptance,杨杰康,candidate
TBV03-0004,en_0004,en,zh,approval authority,认证主管机构,certification,high,active,,法规主管机构,missing,termbase_v0.2_static_scan,,check injection / add alias / adjust prompt strategy,,,,review,"Check whether missing is caused by injection failure, alias gap, or prompt behavior.",strict,external_acceptance,杨杰康,candidate
TBV03-0005,en_0005,en,zh,technical service,技术服务机构,certification,high,active,,认证测试机构,missing,termbase_v0.2_static_scan,,check injection / add alias / adjust prompt strategy,,,,review,"Check whether missing is caused by injection failure, alias gap, or prompt behavior.",,,杨杰康,candidate
TBV03-0006,en_0006,en,zh,manufacturer,制造商,general,high,active,,法规责任主体,missing,termbase_v0.2_static_scan,,check injection / add alias / adjust prompt strategy,,,,review,"Check whether missing is caused by injection failure, alias gap, or prompt behavior.",,,杨杰康,candidate
TBV03-0007,en_0007,en,zh,component,零部件,general,medium,active,,汽车零部件,broad term,termbase_v0.2_static_scan,,downgrade priority / exclude from core high terms / mark review,,,low,review,Broad or structural term; exclude from external core high term acceptance.,,,杨杰康,candidate
TBV03-0008,en_0008,en,zh,separate technical unit,独立技术单元,certification,high,active,,欧盟法规常见术语,missing,termbase_v0.2_static_scan,,check injection / add alias / adjust prompt strategy,,,,review,"Check whether missing is caused by injection failure, alias gap, or prompt behavior.",,,杨杰康,candidate
TBV03-0009,en_0009,en,zh,braking system,制动系统,braking,high,active,,制动法规术语,missing,termbase_v0.2_static_scan,,check injection / add alias / adjust prompt strategy,,,,review,"Check whether missing is caused by injection failure, alias gap, or prompt behavior.",strict,external_acceptance,杨杰康,candidate
TBV03-0010,en_0010,en,zh,service braking system,行车制动系统,braking,high,active,,制动系统,missing,termbase_v0.2_static_scan,,check injection / add alias / adjust prompt strategy,,,,review,"Check whether missing is caused by injection failure, alias gap, or prompt behavior.",strict,external_acceptance,杨杰康,candidate
TBV03-0011,en_0011,en,zh,parking braking system,驻车制动系统,braking,high,active,,制动系统,missing,termbase_v0.2_static_scan,,check injection / add alias / adjust prompt strategy,,,,review,"Check whether missing is caused by injection failure, alias gap, or prompt behavior.",strict,external_acceptance,杨杰康,candidate
TBV03-0012,en_0012,en,zh,anti-lock braking system,防抱死制动系统,braking,high,active,,ABS相关术语,missing,termbase_v0.2_static_scan,,check injection / add alias / adjust prompt strategy,,,,review,"Check whether missing is caused by injection failure, alias gap, or prompt behavior.",strict,external_acceptance,杨杰康,candidate
TBV03-0013,en_0013,en,zh,steering system,转向系统,steering,high,active,,转向法规术语,missing,termbase_v0.2_static_scan,,check injection / add alias / adjust prompt strategy,,,,review,"Check whether missing is caused by injection failure, alias gap, or prompt behavior.",strict,external_acceptance,杨杰康,candidate
TBV03-0014,en_0014,en,zh,lighting device,照明装置,lighting,high,active,,灯光法规术语,missing,termbase_v0.2_static_scan,,check injection / add alias / adjust prompt strategy,,,,review,"Check whether missing is caused by injection failure, alias gap, or prompt behavior.",strict,external_acceptance,杨杰康,candidate
TBV03-0015,en_0015,en,zh,headlamp,前照灯,lighting,high,active,,灯光术语,missing,termbase_v0.2_static_scan,,check injection / add alias / adjust prompt strategy,,,,review,"Check whether missing is caused by injection failure, alias gap, or prompt behavior.",,,杨杰康,candidate
TBV03-0016,en_0019,en,zh,emission,排放,emission,high,active,,排放法规术语,missing,termbase_v0.2_static_scan,,check injection / add alias / adjust prompt strategy,,,,review,"Check whether missing is caused by injection failure, alias gap, or prompt behavior.",strict,external_acceptance,杨杰康,candidate
TBV03-0017,en_0020,en,zh,exhaust emission,排气排放,emission,high,active,,排放法规术语,missing,termbase_v0.2_static_scan,,check injection / add alias / adjust prompt strategy,,,,review,"Check whether missing is caused by injection failure, alias gap, or prompt behavior.",strict,external_acceptance,杨杰康,candidate
TBV03-0018,en_0022,en,zh,test procedure,试验程序,test,high,active,,测试法规术语,missing,termbase_v0.2_static_scan,,check injection / add alias / adjust prompt strategy,,,,review,"Check whether missing is caused by injection failure, alias gap, or prompt behavior.",strict,external_acceptance,杨杰康,candidate
TBV03-0019,en_0023,en,zh,test method,试验方法,test,high,active,,标准法规常见表述,missing,termbase_v0.2_static_scan,,check injection / add alias / adjust prompt strategy,,,,review,"Check whether missing is caused by injection failure, alias gap, or prompt behavior.",strict,external_acceptance,杨杰康,candidate
TBV03-0020,en_0024,en,zh,requirement,要求,general,medium,active,,法规要求,broad term,termbase_v0.2_static_scan,,downgrade priority / exclude from core high terms / mark review,,,low,review,Broad or structural term; exclude from external core high term acceptance.,,,杨杰康,candidate
TBV03-0021,en_0025,en,zh,shall,应,modal,high,active,,法规义务词,broad term,termbase_v0.2_static_scan,,downgrade priority / exclude from core high terms / mark review,,,low,review,Broad or structural term; exclude from external core high term acceptance.,,,杨杰康,candidate
TBV03-0022,en_0026,en,zh,shall not,不得,modal,high,active,,禁止性义务词,missing,termbase_v0.2_static_scan,,check injection / add alias / adjust prompt strategy,,,,review,"Check whether missing is caused by injection failure, alias gap, or prompt behavior.",,,杨杰康,candidate
TBV03-0023,en_0027,en,zh,must,必须,modal,high,active,,强制性义务词,broad term,termbase_v0.2_static_scan,,downgrade priority / exclude from core high terms / mark review,,,low,review,Broad or structural term; exclude from external core high term acceptance.,,,杨杰康,candidate
TBV03-0024,en_0028,en,zh,may,可,modal,medium,active,,许可性情态词,broad term,termbase_v0.2_static_scan,,downgrade priority / exclude from core high terms / mark review,,,low,review,Broad or structural term; exclude from external core high term acceptance.,,,杨杰康,candidate
TBV03-0025,en_0029,en,zh,should,宜,modal,medium,active,,推荐性情态词,broad term,termbase_v0.2_static_scan,,downgrade priority / exclude from core high terms / mark review,,,low,review,Broad or structural term; exclude from external core high term acceptance.,,,杨杰康,candidate
TBV03-0026,en_0030,en,zh,compliance,符合性,compliance,high,active,,合规术语,missing,termbase_v0.2_static_scan,,check injection / add alias / adjust prompt strategy,,,,review,"Check whether missing is caused by injection failure, alias gap, or prompt behavior.",,,杨杰康,candidate
TBV03-0027,en_0031,en,zh,conformity of production,生产一致性,compliance,high,active,,COP术语,missing,termbase_v0.2_static_scan,,check injection / add alias / adjust prompt strategy,,,,review,"Check whether missing is caused by injection failure, alias gap, or prompt behavior.",strict,external_acceptance,杨杰康,candidate
TBV03-0028,en_0035,en,zh,standard,标准,general,high,active,,标准法规术语,broad term,termbase_v0.2_static_scan,,downgrade priority / exclude from core high terms / mark review,,,low,review,Broad or structural term; exclude from external core high term acceptance.,,,杨杰康,candidate
TBV03-0029,en_0036,en,zh,regulation,法规,general,high,active,,法规术语,missing,termbase_v0.2_static_scan,,check injection / add alias / adjust prompt strategy,,,,review,"Check whether missing is caused by injection failure, alias gap, or prompt behavior.",strict,external_acceptance,杨杰康,candidate
TBV03-0030,en_0037,en,zh,annex,附件,document,medium,active,,法规文档结构,broad term,termbase_v0.2_static_scan,,downgrade priority / exclude from core high terms / mark review,,,low,review,Broad or structural term; exclude from external core high term acceptance.,,,杨杰康,candidate
TBV03-0031,en_0038,en,zh,appendix,附录,document,medium,active,,法规文档结构,broad term,termbase_v0.2_static_scan,,downgrade priority / exclude from core high terms / mark review,,,low,review,Broad or structural term; exclude from external core high term acceptance.,,,杨杰康,candidate
TBV03-0032,en_0039,en,zh,paragraph,段落,document,medium,active,,法规文档结构,broad term,termbase_v0.2_static_scan,,downgrade priority / exclude from core high terms / mark review,,,low,review,Broad or structural term; exclude from external core high term acceptance.,,,杨杰康,candidate
TBV03-0033,ru_0001,ru,zh,транспортное средство,车辆,general,high,active,,俄语车辆术语,bad_target_term,termbase_v0.2_static_scan,,fix target_term,,,,review,"Current target term appears too broad, structural, or unnatural.",,,杨杰康,candidate
TBV03-0034,ru_0002,ru,zh,автомобиль,汽车,general,high,active,,俄语汽车术语,missing,termbase_v0.2_static_scan,,check injection / add alias / adjust prompt strategy,,,,review,"Check whether missing is caused by injection failure, alias gap, or prompt behavior.",,,杨杰康,candidate
TBV03-0035,ru_0003,ru,zh,изготовитель,制造商,general,high,active,,俄语责任主体,missing,termbase_v0.2_static_scan,,check injection / add alias / adjust prompt strategy,,,,review,"Check whether missing is caused by injection failure, alias gap, or prompt behavior.",,,杨杰康,candidate
TBV03-0036,ru_0004,ru,zh,тормозная система,制动系统,braking,high,active,,俄语制动术语,missing,termbase_v0.2_static_scan,,check injection / add alias / adjust prompt strategy,,,,review,"Check whether missing is caused by injection failure, alias gap, or prompt behavior.",strict,external_acceptance,杨杰康,candidate
TBV03-0037,ru_0005,ru,zh,система отопления,供暖系统,hvac,high,active,,俄语暖通术语,missing,termbase_v0.2_static_scan,,check injection / add alias / adjust prompt strategy,,,,review,"Check whether missing is caused by injection failure, alias gap, or prompt behavior.",,,杨杰康,candidate
TBV03-0038,ru_0007,ru,zh,кондиционирование воздуха,空气调节,hvac,high,active,,俄语空调术语,missing,termbase_v0.2_static_scan,,check injection / add alias / adjust prompt strategy,,,,review,"Check whether missing is caused by injection failure, alias gap, or prompt behavior.",,,杨杰康,candidate
TBV03-0039,ru_0009,ru,zh,испытание,试验,test,high,active,,俄语试验术语,missing,termbase_v0.2_static_scan,,check injection / add alias / adjust prompt strategy,,,,review,"Check whether missing is caused by injection failure, alias gap, or prompt behavior.",,,杨杰康,candidate
TBV03-0040,ru_0010,ru,zh,требование,要求,general,medium,active,,俄语法规要求,bad_target_term,termbase_v0.2_static_scan,,fix target_term,,,,review,"Current target term appears too broad, structural, or unnatural.",,,杨杰康,candidate
TBV03-0041,de_0001,de,zh,Fahrzeug,车辆,general,high,active,,德语车辆术语,bad_target_term,termbase_v0.2_static_scan,,fix target_term,,,,review,"Current target term appears too broad, structural, or unnatural.",,,杨杰康,candidate
TBV03-0042,de_0002,de,zh,Kraftfahrzeug,机动车,general,high,active,,德语机动车术语,missing,termbase_v0.2_static_scan,,check injection / add alias / adjust prompt strategy,,,,review,"Check whether missing is caused by injection failure, alias gap, or prompt behavior.",,,杨杰康,candidate
TBV03-0043,de_0003,de,zh,Hersteller,制造商,general,high,active,,德语责任主体,missing,termbase_v0.2_static_scan,,check injection / add alias / adjust prompt strategy,,,,review,"Check whether missing is caused by injection failure, alias gap, or prompt behavior.",,,杨杰康,candidate
TBV03-0044,de_0004,de,zh,Genehmigungsbehörde,认证主管机构,certification,high,active,,德语认证机构,missing,termbase_v0.2_static_scan,,check injection / add alias / adjust prompt strategy,,,,review,"Check whether missing is caused by injection failure, alias gap, or prompt behavior.",,,杨杰康,candidate
TBV03-0045,de_0005,de,zh,Bremsanlage,制动系统,braking,high,active,,德语制动术语,missing,termbase_v0.2_static_scan,,check injection / add alias / adjust prompt strategy,,,,review,"Check whether missing is caused by injection failure, alias gap, or prompt behavior.",strict,external_acceptance,杨杰康,candidate
TBV03-0046,de_0006,de,zh,Sicherheitsglas,安全玻璃,body,high,active,,德语安全玻璃,missing,termbase_v0.2_static_scan,,check injection / add alias / adjust prompt strategy,,,,review,"Check whether missing is caused by injection failure, alias gap, or prompt behavior.",,,杨杰康,candidate
TBV03-0047,de_0007,de,zh,Beleuchtungseinrichtung,照明装置,lighting,high,active,,德语灯光术语,missing,termbase_v0.2_static_scan,,check injection / add alias / adjust prompt strategy,,,,review,"Check whether missing is caused by injection failure, alias gap, or prompt behavior.",,,杨杰康,candidate
TBV03-0048,de_0008,de,zh,Prüfung,试验,test,high,active,,德语试验术语,missing,termbase_v0.2_static_scan,,check injection / add alias / adjust prompt strategy,,,,review,"Check whether missing is caused by injection failure, alias gap, or prompt behavior.",,,杨杰康,candidate
TBV03-0049,de_0009,de,zh,Anforderung,要求,general,medium,active,,德语法规要求,bad_target_term,termbase_v0.2_static_scan,,fix target_term,,,,review,"Current target term appears too broad, structural, or unnatural.",,,杨杰康,candidate
TBV03-0050,de_0010,de,zh,Anlage,附件,document,medium,active,,德语法规附件,bad_target_term,termbase_v0.2_static_scan,,fix target_term,,,,review,"Current target term appears too broad, structural, or unnatural.",,,杨杰康,candidate
TBV03-0051,fr_0001,fr,zh,véhicule,车辆,general,high,active,,法语车辆术语,bad_target_term,termbase_v0.2_static_scan,,fix target_term,,,,review,"Current target term appears too broad, structural, or unnatural.",,,杨杰康,candidate
TBV03-0052,fr_0002,fr,zh,véhicule à moteur,机动车,general,high,active,,法语机动车术语,missing,termbase_v0.2_static_scan,,check injection / add alias / adjust prompt strategy,,,,review,"Check whether missing is caused by injection failure, alias gap, or prompt behavior.",,,杨杰康,candidate
TBV03-0053,fr_0003,fr,zh,constructeur,制造商,general,high,active,,法语制造商,missing,termbase_v0.2_static_scan,,check injection / add alias / adjust prompt strategy,,,,review,"Check whether missing is caused by injection failure, alias gap, or prompt behavior.",,,杨杰康,candidate
TBV03-0054,fr_0004,fr,zh,autorité compétente,主管机构,certification,high,active,,法语主管机构,missing,termbase_v0.2_static_scan,,check injection / add alias / adjust prompt strategy,,,,review,"Check whether missing is caused by injection failure, alias gap, or prompt behavior.",,,杨杰康,candidate
TBV03-0055,fr_0005,fr,zh,système de freinage,制动系统,braking,high,active,,法语制动术语,missing,termbase_v0.2_static_scan,,check injection / add alias / adjust prompt strategy,,,,review,"Check whether missing is caused by injection failure, alias gap, or prompt behavior.",strict,external_acceptance,杨杰康,candidate
TBV03-0056,fr_0006,fr,zh,dispositif d'éclairage,照明装置,lighting,high,active,,法语灯光术语,missing,termbase_v0.2_static_scan,,check injection / add alias / adjust prompt strategy,,,,review,"Check whether missing is caused by injection failure, alias gap, or prompt behavior.",,,杨杰康,candidate
TBV03-0057,fr_0007,fr,zh,émissions,排放,emission,high,active,,法语排放术语,missing,termbase_v0.2_static_scan,,check injection / add alias / adjust prompt strategy,,,,review,"Check whether missing is caused by injection failure, alias gap, or prompt behavior.",,,杨杰康,candidate
TBV03-0058,fr_0008,fr,zh,essai,试验,test,high,active,,法语试验术语,missing,termbase_v0.2_static_scan,,check injection / add alias / adjust prompt strategy,,,,review,"Check whether missing is caused by injection failure, alias gap, or prompt behavior.",,,杨杰康,candidate
TBV03-0059,fr_0009,fr,zh,exigence,要求,general,medium,active,,法语法规要求,bad_target_term,termbase_v0.2_static_scan,,fix target_term,,,,review,"Current target term appears too broad, structural, or unnatural.",,,杨杰康,candidate
TBV03-0060,fr_0010,fr,zh,annexe,附件,document,medium,active,,法语附件,bad_target_term,termbase_v0.2_static_scan,,fix target_term,,,,review,"Current target term appears too broad, structural, or unnatural.",,,杨杰康,candidate
TBV03-0061,ar_0001,ar,zh,مركبة,车辆,general,high,active,,阿拉伯语车辆术语,bad_target_term,termbase_v0.2_static_scan,,fix target_term,,,,review,"Current target term appears too broad, structural, or unnatural.",,,杨杰康,candidate
TBV03-0062,ar_0002,ar,zh,مركبة آلية,机动车,general,high,active,,阿拉伯语机动车术语,missing,termbase_v0.2_static_scan,,check injection / add alias / adjust prompt strategy,,,,review,"Check whether missing is caused by injection failure, alias gap, or prompt behavior.",,,杨杰康,candidate
TBV03-0063,ar_0003,ar,zh,الشركة المصنعة,制造商,general,high,active,,阿拉伯语制造商,missing,termbase_v0.2_static_scan,,check injection / add alias / adjust prompt strategy,,,,review,"Check whether missing is caused by injection failure, alias gap, or prompt behavior.",,,杨杰康,candidate
TBV03-0064,ar_0004,ar,zh,نظام الفرامل,制动系统,braking,high,active,,阿拉伯语制动系统,missing,termbase_v0.2_static_scan,,check injection / add alias / adjust prompt strategy,,,,review,"Check whether missing is caused by injection failure, alias gap, or prompt behavior.",strict,external_acceptance,杨杰康,candidate
TBV03-0065,es_0001,es,zh,vehículo,车辆,general,high,active,,西班牙语车辆术语,bad_target_term,termbase_v0.2_static_scan,,fix target_term,,,,review,"Current target term appears too broad, structural, or unnatural.",,,杨杰康,candidate
TBV03-0066,es_0002,es,zh,vehículo de motor,机动车,general,high,active,,西班牙语机动车术语,missing,termbase_v0.2_static_scan,,check injection / add alias / adjust prompt strategy,,,,review,"Check whether missing is caused by injection failure, alias gap, or prompt behavior.",,,杨杰康,candidate
TBV03-0067,es_0003,es,zh,fabricante,制造商,general,high,active,,西班牙语制造商,missing,termbase_v0.2_static_scan,,check injection / add alias / adjust prompt strategy,,,,review,"Check whether missing is caused by injection failure, alias gap, or prompt behavior.",,,杨杰康,candidate
TBV03-0068,es_0004,es,zh,homologación de tipo,型式认证,certification,high,active,,西班牙语型式认证,missing,termbase_v0.2_static_scan,,check injection / add alias / adjust prompt strategy,,,,review,"Check whether missing is caused by injection failure, alias gap, or prompt behavior.",,,杨杰康,candidate
TBV03-0069,es_0005,es,zh,autoridad de homologación,认证主管机构,certification,high,active,,西班牙语认证主管机构,missing,termbase_v0.2_static_scan,,check injection / add alias / adjust prompt strategy,,,,review,"Check whether missing is caused by injection failure, alias gap, or prompt behavior.",,,杨杰康,candidate
TBV03-0070,es_0006,es,zh,sistema de frenado,制动系统,braking,high,active,,西班牙语制动系统,missing,termbase_v0.2_static_scan,,check injection / add alias / adjust prompt strategy,,,,review,"Check whether missing is caused by injection failure, alias gap, or prompt behavior.",strict,external_acceptance,杨杰康,candidate
TBV03-0071,es_0007,es,zh,dispositivo de alumbrado,照明装置,lighting,high,active,,西班牙语照明装置,missing,termbase_v0.2_static_scan,,check injection / add alias / adjust prompt strategy,,,,review,"Check whether missing is caused by injection failure, alias gap, or prompt behavior.",,,杨杰康,candidate
TBV03-0072,es_0008,es,zh,emisiones,排放,emission,high,active,,西班牙语排放,missing,termbase_v0.2_static_scan,,check injection / add alias / adjust prompt strategy,,,,review,"Check whether missing is caused by injection failure, alias gap, or prompt behavior.",,,杨杰康,candidate
TBV03-0073,es_0009,es,zh,ensayo,试验,test,high,active,,西班牙语试验,missing,termbase_v0.2_static_scan,,check injection / add alias / adjust prompt strategy,,,,review,"Check whether missing is caused by injection failure, alias gap, or prompt behavior.",,,杨杰康,candidate
TBV03-0074,es_0010,es,zh,requisito,要求,general,medium,active,,西班牙语要求,bad_target_term,termbase_v0.2_static_scan,,fix target_term,,,,review,"Current target term appears too broad, structural, or unnatural.",,,杨杰康,candidate
TBV03-0075,es_0011,es,zh,reglamento,法规,general,high,active,,西班牙语法规,missing,termbase_v0.2_static_scan,,check injection / add alias / adjust prompt strategy,,,,review,"Check whether missing is caused by injection failure, alias gap, or prompt behavior.",,,杨杰康,candidate
TBV03-0076,es_0012,es,zh,anexo,附件,document,medium,active,,西班牙语附件,bad_target_term,termbase_v0.2_static_scan,,fix target_term,,,,review,"Current target term appears too broad, structural, or unnatural.",,,杨杰康,candidate
TBV03-0077,es_0013,es,zh,párrafo,段落,document,medium,active,,西班牙语段落,bad_target_term,termbase_v0.2_static_scan,,fix target_term,,,,review,"Current target term appears too broad, structural, or unnatural.",,,杨杰康,candidate
TBV03-0078,es_0014,es,zh,deberá,应,modal,high,active,,西班牙语义务词,bad_target_term,termbase_v0.2_static_scan,,fix target_term,,,,review,"Current target term appears too broad, structural, or unnatural.",,,杨杰康,candidate
TBV03-0079,es_0015,es,zh,no deberá,不得,modal,high,active,,西班牙语禁止性义务词,missing,termbase_v0.2_static_scan,,check injection / add alias / adjust prompt strategy,,,,review,"Check whether missing is caused by injection failure, alias gap, or prompt behavior.",,,杨杰康,candidate
TBV03-0080,id_0001,id,zh,kendaraan,车辆,general,high,active,,印尼语车辆术语,bad_target_term,termbase_v0.2_static_scan,,fix target_term,,,,review,"Current target term appears too broad, structural, or unnatural.",,,杨杰康,candidate
TBV03-0081,id_0002,id,zh,kendaraan bermotor,机动车,general,high,active,,印尼语机动车术语,missing,termbase_v0.2_static_scan,,check injection / add alias / adjust prompt strategy,,,,review,"Check whether missing is caused by injection failure, alias gap, or prompt behavior.",,,杨杰康,candidate
TBV03-0082,id_0003,id,zh,pabrikan,制造商,general,high,active,,印尼语制造商,missing,termbase_v0.2_static_scan,,check injection / add alias / adjust prompt strategy,,,,review,"Check whether missing is caused by injection failure, alias gap, or prompt behavior.",,,杨杰康,candidate
TBV03-0083,id_0004,id,zh,persetujuan tipe,型式认证,certification,high,active,,印尼语型式认证,missing,termbase_v0.2_static_scan,,check injection / add alias / adjust prompt strategy,,,,review,"Check whether missing is caused by injection failure, alias gap, or prompt behavior.",,,杨杰康,candidate
TBV03-0084,id_0005,id,zh,sistem pengereman,制动系统,braking,high,active,,印尼语制动系统,missing,termbase_v0.2_static_scan,,check injection / add alias / adjust prompt strategy,,,,review,"Check whether missing is caused by injection failure, alias gap, or prompt behavior.",strict,external_acceptance,杨杰康,candidate
TBV03-0085,id_0006,id,zh,perangkat penerangan,照明装置,lighting,high,active,,印尼语照明装置,missing,termbase_v0.2_static_scan,,check injection / add alias / adjust prompt strategy,,,,review,"Check whether missing is caused by injection failure, alias gap, or prompt behavior.",,,杨杰康,candidate
TBV03-0086,id_0007,id,zh,emisi,排放,emission,high,active,,印尼语排放,missing,termbase_v0.2_static_scan,,check injection / add alias / adjust prompt strategy,,,,review,"Check whether missing is caused by injection failure, alias gap, or prompt behavior.",,,杨杰康,candidate
TBV03-0087,id_0008,id,zh,pengujian,试验,test,high,active,,印尼语试验,missing,termbase_v0.2_static_scan,,check injection / add alias / adjust prompt strategy,,,,review,"Check whether missing is caused by injection failure, alias gap, or prompt behavior.",,,杨杰康,candidate
TBV03-0088,id_0009,id,zh,persyaratan,要求,general,medium,active,,印尼语要求,bad_target_term,termbase_v0.2_static_scan,,fix target_term,,,,review,"Current target term appears too broad, structural, or unnatural.",,,杨杰康,candidate
TBV03-0089,id_0010,id,zh,peraturan,法规,general,high,active,,印尼语法规,missing,termbase_v0.2_static_scan,,check injection / add alias / adjust prompt strategy,,,,review,"Check whether missing is caused by injection failure, alias gap, or prompt behavior.",,,杨杰康,candidate
TBV03-0090,id_0011,id,zh,lampiran,附件,document,medium,active,,印尼语附件,bad_target_term,termbase_v0.2_static_scan,,fix target_term,,,,review,"Current target term appears too broad, structural, or unnatural.",,,杨杰康,candidate
TBV03-0091,id_0012,id,zh,paragraf,段落,document,medium,active,,印尼语段落,bad_target_term,termbase_v0.2_static_scan,,fix target_term,,,,review,"Current target term appears too broad, structural, or unnatural.",,,杨杰康,candidate
TBV03-0092,id_0013,id,zh,harus,应,modal,high,active,,印尼语义务词,bad_target_term,termbase_v0.2_static_scan,,fix target_term,,,,review,"Current target term appears too broad, structural, or unnatural.",,,杨杰康,candidate
TBV03-0093,it_0001,it,zh,veicolo,车辆,general,high,active,,意大利语车辆术语,bad_target_term,termbase_v0.2_static_scan,,fix target_term,,,,review,"Current target term appears too broad, structural, or unnatural.",,,杨杰康,candidate
TBV03-0094,it_0002,it,zh,veicolo a motore,机动车,general,high,active,,意大利语机动车术语,missing,termbase_v0.2_static_scan,,check injection / add alias / adjust prompt strategy,,,,review,"Check whether missing is caused by injection failure, alias gap, or prompt behavior.",,,杨杰康,candidate
TBV03-0095,it_0003,it,zh,costruttore,制造商,general,high,active,,意大利语制造商,missing,termbase_v0.2_static_scan,,check injection / add alias / adjust prompt strategy,,,,review,"Check whether missing is caused by injection failure, alias gap, or prompt behavior.",,,杨杰康,candidate
TBV03-0096,it_0004,it,zh,omologazione,型式认证,certification,high,active,,意大利语型式认证,missing,termbase_v0.2_static_scan,,check injection / add alias / adjust prompt strategy,,,,review,"Check whether missing is caused by injection failure, alias gap, or prompt behavior.",,,杨杰康,candidate
TBV03-0097,it_0005,it,zh,autorità di omologazione,认证主管机构,certification,high,active,,意大利语认证主管机构,missing,termbase_v0.2_static_scan,,check injection / add alias / adjust prompt strategy,,,,review,"Check whether missing is caused by injection failure, alias gap, or prompt behavior.",,,杨杰康,candidate
TBV03-0098,it_0006,it,zh,sistema di frenatura,制动系统,braking,high,active,,意大利语制动系统,missing,termbase_v0.2_static_scan,,check injection / add alias / adjust prompt strategy,,,,review,"Check whether missing is caused by injection failure, alias gap, or prompt behavior.",strict,external_acceptance,杨杰康,candidate
TBV03-0099,it_0007,it,zh,dispositivo di illuminazione,照明装置,lighting,high,active,,意大利语照明装置,missing,termbase_v0.2_static_scan,,check injection / add alias / adjust prompt strategy,,,,review,"Check whether missing is caused by injection failure, alias gap, or prompt behavior.",,,杨杰康,candidate
TBV03-0100,it_0008,it,zh,emissioni,排放,emission,high,active,,意大利语排放,missing,termbase_v0.2_static_scan,,check injection / add alias / adjust prompt strategy,,,,review,"Check whether missing is caused by injection failure, alias gap, or prompt behavior.",strict,external_acceptance,杨杰康,candidate
TBV03-0101,it_0009,it,zh,prova,试验,test,high,active,,意大利语试验,missing,termbase_v0.2_static_scan,,check injection / add alias / adjust prompt strategy,,,,review,"Check whether missing is caused by injection failure, alias gap, or prompt behavior.",,,杨杰康,candidate
TBV03-0102,it_0010,it,zh,requisito,要求,general,medium,active,,意大利语要求,bad_target_term,termbase_v0.2_static_scan,,fix target_term,,,,review,"Current target term appears too broad, structural, or unnatural.",,,杨杰康,candidate
TBV03-0103,it_0011,it,zh,regolamento,法规,general,high,active,,意大利语法规,missing,termbase_v0.2_static_scan,,check injection / add alias / adjust prompt strategy,,,,review,"Check whether missing is caused by injection failure, alias gap, or prompt behavior.",,,杨杰康,candidate
TBV03-0104,it_0012,it,zh,allegato,附件,document,medium,active,,意大利语附件,bad_target_term,termbase_v0.2_static_scan,,fix target_term,,,,review,"Current target term appears too broad, structural, or unnatural.",,,杨杰康,candidate
TBV03-0105,it_0013,it,zh,paragrafo,段落,document,medium,active,,意大利语段落,bad_target_term,termbase_v0.2_static_scan,,fix target_term,,,,review,"Current target term appears too broad, structural, or unnatural.",,,杨杰康,candidate
TBV03-0106,it_0014,it,zh,deve,应,modal,high,active,,意大利语义务词,bad_target_term,termbase_v0.2_static_scan,,fix target_term,,,,review,"Current target term appears too broad, structural, or unnatural.",,,杨杰康,candidate
TBV03-0107,ms_0001,ms,zh,kenderaan,车辆,general,high,active,,马来语车辆术语,bad_target_term,termbase_v0.2_static_scan,,fix target_term,,,,review,"Current target term appears too broad, structural, or unnatural.",,,杨杰康,candidate
TBV03-0108,ms_0002,ms,zh,kenderaan bermotor,机动车,general,high,active,,马来语机动车术语,missing,termbase_v0.2_static_scan,,check injection / add alias / adjust prompt strategy,,,,review,"Check whether missing is caused by injection failure, alias gap, or prompt behavior.",,,杨杰康,candidate
TBV03-0109,ms_0003,ms,zh,pengeluar,制造商,general,high,active,,马来语制造商,missing,termbase_v0.2_static_scan,,check injection / add alias / adjust prompt strategy,,,,review,"Check whether missing is caused by injection failure, alias gap, or prompt behavior.",,,杨杰康,candidate
TBV03-0110,ms_0004,ms,zh,kelulusan jenis,型式认证,certification,high,active,,马来语型式认证,missing,termbase_v0.2_static_scan,,check injection / add alias / adjust prompt strategy,,,,review,"Check whether missing is caused by injection failure, alias gap, or prompt behavior.",,,杨杰康,candidate
TBV03-0111,ms_0005,ms,zh,sistem brek,制动系统,braking,high,active,,马来语制动系统,missing,termbase_v0.2_static_scan,,check injection / add alias / adjust prompt strategy,,,,review,"Check whether missing is caused by injection failure, alias gap, or prompt behavior.",strict,external_acceptance,杨杰康,candidate
TBV03-0112,ms_0006,ms,zh,peranti pencahayaan,照明装置,lighting,high,active,,马来语照明装置,missing,termbase_v0.2_static_scan,,check injection / add alias / adjust prompt strategy,,,,review,"Check whether missing is caused by injection failure, alias gap, or prompt behavior.",,,杨杰康,candidate
TBV03-0113,ms_0007,ms,zh,pelepasan,排放,emission,high,active,,马来语排放,missing,termbase_v0.2_static_scan,,check injection / add alias / adjust prompt strategy,,,,review,"Check whether missing is caused by injection failure, alias gap, or prompt behavior.",,,杨杰康,candidate
TBV03-0114,ms_0008,ms,zh,ujian,试验,test,high,active,,马来语试验,missing,termbase_v0.2_static_scan,,check injection / add alias / adjust prompt strategy,,,,review,"Check whether missing is caused by injection failure, alias gap, or prompt behavior.",,,杨杰康,candidate
TBV03-0115,ms_0009,ms,zh,keperluan,要求,general,medium,active,,马来语要求,bad_target_term,termbase_v0.2_static_scan,,fix target_term,,,,review,"Current target term appears too broad, structural, or unnatural.",,,杨杰康,candidate
TBV03-0116,ms_0010,ms,zh,peraturan,法规,general,high,active,,马来语法规,missing,termbase_v0.2_static_scan,,check injection / add alias / adjust prompt strategy,,,,review,"Check whether missing is caused by injection failure, alias gap, or prompt behavior.",,,杨杰康,candidate
TBV03-0117,ms_0011,ms,zh,lampiran,附件,document,medium,active,,马来语附件,bad_target_term,termbase_v0.2_static_scan,,fix target_term,,,,review,"Current target term appears too broad, structural, or unnatural.",,,杨杰康,candidate
TBV03-0118,ms_0012,ms,zh,perenggan,段落,document,medium,active,,马来语段落,bad_target_term,termbase_v0.2_static_scan,,fix target_term,,,,review,"Current target term appears too broad, structural, or unnatural.",,,杨杰康,candidate
TBV03-0119,ms_0013,ms,zh,hendaklah,应,modal,high,active,,马来语义务词,bad_target_term,termbase_v0.2_static_scan,,fix target_term,,,,review,"Current target term appears too broad, structural, or unnatural.",,,杨杰康,candidate
TBV03-0120,nl_0001,nl,zh,voertuig,车辆,general,high,active,,荷兰语车辆术语,bad_target_term,termbase_v0.2_static_scan,,fix target_term,,,,review,"Current target term appears too broad, structural, or unnatural.",,,杨杰康,candidate
TBV03-0121,nl_0002,nl,zh,motorvoertuig,机动车,general,high,active,,荷兰语机动车术语,missing,termbase_v0.2_static_scan,,check injection / add alias / adjust prompt strategy,,,,review,"Check whether missing is caused by injection failure, alias gap, or prompt behavior.",,,杨杰康,candidate
TBV03-0122,nl_0003,nl,zh,fabrikant,制造商,general,high,active,,荷兰语制造商,missing,termbase_v0.2_static_scan,,check injection / add alias / adjust prompt strategy,,,,review,"Check whether missing is caused by injection failure, alias gap, or prompt behavior.",,,杨杰康,candidate
TBV03-0123,nl_0004,nl,zh,typegoedkeuring,型式认证,certification,high,active,,荷兰语型式认证,missing,termbase_v0.2_static_scan,,check injection / add alias / adjust prompt strategy,,,,review,"Check whether missing is caused by injection failure, alias gap, or prompt behavior.",,,杨杰康,candidate
TBV03-0124,nl_0005,nl,zh,goedkeuringsinstantie,认证主管机构,certification,high,active,,荷兰语认证主管机构,missing,termbase_v0.2_static_scan,,check injection / add alias / adjust prompt strategy,,,,review,"Check whether missing is caused by injection failure, alias gap, or prompt behavior.",,,杨杰康,candidate
TBV03-0125,nl_0006,nl,zh,remsysteem,制动系统,braking,high,active,,荷兰语制动系统,missing,termbase_v0.2_static_scan,,check injection / add alias / adjust prompt strategy,,,,review,"Check whether missing is caused by injection failure, alias gap, or prompt behavior.",strict,external_acceptance,杨杰康,candidate
TBV03-0126,nl_0007,nl,zh,verlichtingsinrichting,照明装置,lighting,high,active,,荷兰语照明装置,missing,termbase_v0.2_static_scan,,check injection / add alias / adjust prompt strategy,,,,review,"Check whether missing is caused by injection failure, alias gap, or prompt behavior.",,,杨杰康,candidate
TBV03-0127,nl_0008,nl,zh,emissies,排放,emission,high,active,,荷兰语排放,missing,termbase_v0.2_static_scan,,check injection / add alias / adjust prompt strategy,,,,review,"Check whether missing is caused by injection failure, alias gap, or prompt behavior.",,,杨杰康,candidate
TBV03-0128,nl_0009,nl,zh,proef,试验,test,high,active,,荷兰语试验,missing,termbase_v0.2_static_scan,,check injection / add alias / adjust prompt strategy,,,,review,"Check whether missing is caused by injection failure, alias gap, or prompt behavior.",,,杨杰康,candidate
TBV03-0129,nl_0010,nl,zh,eis,要求,general,medium,active,,荷兰语要求,bad_target_term,termbase_v0.2_static_scan,,fix target_term,,,,review,"Current target term appears too broad, structural, or unnatural.",,,杨杰康,candidate
TBV03-0130,nl_0011,nl,zh,reglement,法规,general,high,active,,荷兰语法规,missing,termbase_v0.2_static_scan,,check injection / add alias / adjust prompt strategy,,,,review,"Check whether missing is caused by injection failure, alias gap, or prompt behavior.",,,杨杰康,candidate
TBV03-0131,nl_0012,nl,zh,bijlage,附件,document,medium,active,,荷兰语附件,bad_target_term,termbase_v0.2_static_scan,,fix target_term,,,,review,"Current target term appears too broad, structural, or unnatural.",,,杨杰康,candidate
TBV03-0132,nl_0013,nl,zh,punt,段落,document,medium,active,,荷兰语段落,bad_target_term,termbase_v0.2_static_scan,,fix target_term,,,,review,"Current target term appears too broad, structural, or unnatural.",,,杨杰康,candidate
TBV03-0133,nl_0014,nl,zh,moet,应,modal,high,active,,荷兰语义务词,bad_target_term,termbase_v0.2_static_scan,,fix target_term,,,,review,"Current target term appears too broad, structural, or unnatural.",,,杨杰康,candidate
TBV03-0134,no_0001,no,zh,kjøretøy,车辆,general,high,active,,挪威语车辆术语,bad_target_term,termbase_v0.2_static_scan,,fix target_term,,,,review,"Current target term appears too broad, structural, or unnatural.",,,杨杰康,candidate
TBV03-0135,no_0002,no,zh,motorvogn,机动车,general,high,active,,挪威语机动车术语,missing,termbase_v0.2_static_scan,,check injection / add alias / adjust prompt strategy,,,,review,"Check whether missing is caused by injection failure, alias gap, or prompt behavior.",,,杨杰康,candidate
TBV03-0136,no_0003,no,zh,produsent,制造商,general,high,active,,挪威语制造商,missing,termbase_v0.2_static_scan,,check injection / add alias / adjust prompt strategy,,,,review,"Check whether missing is caused by injection failure, alias gap, or prompt behavior.",,,杨杰康,candidate
TBV03-0137,no_0004,no,zh,typegodkjenning,型式认证,certification,high,active,,挪威语型式认证,missing,termbase_v0.2_static_scan,,check injection / add alias / adjust prompt strategy,,,,review,"Check whether missing is caused by injection failure, alias gap, or prompt behavior.",,,杨杰康,candidate
TBV03-0138,no_0005,no,zh,godkjenningsmyndighet,认证主管机构,certification,high,active,,挪威语认证主管机构,missing,termbase_v0.2_static_scan,,check injection / add alias / adjust prompt strategy,,,,review,"Check whether missing is caused by injection failure, alias gap, or prompt behavior.",,,杨杰康,candidate
TBV03-0139,no_0006,no,zh,bremsesystem,制动系统,braking,high,active,,挪威语制动系统,missing,termbase_v0.2_static_scan,,check injection / add alias / adjust prompt strategy,,,,review,"Check whether missing is caused by injection failure, alias gap, or prompt behavior.",strict,external_acceptance,杨杰康,candidate
TBV03-0140,no_0007,no,zh,belysningsinnretning,照明装置,lighting,high,active,,挪威语照明装置,missing,termbase_v0.2_static_scan,,check injection / add alias / adjust prompt strategy,,,,review,"Check whether missing is caused by injection failure, alias gap, or prompt behavior.",,,杨杰康,candidate
TBV03-0141,no_0008,no,zh,utslipp,排放,emission,high,active,,挪威语排放,missing,termbase_v0.2_static_scan,,check injection / add alias / adjust prompt strategy,,,,review,"Check whether missing is caused by injection failure, alias gap, or prompt behavior.",,,杨杰康,candidate
TBV03-0142,no_0009,no,zh,prøving,试验,test,high,active,,挪威语试验,missing,termbase_v0.2_static_scan,,check injection / add alias / adjust prompt strategy,,,,review,"Check whether missing is caused by injection failure, alias gap, or prompt behavior.",,,杨杰康,candidate
TBV03-0143,no_0010,no,zh,krav,要求,general,medium,active,,挪威语要求,bad_target_term,termbase_v0.2_static_scan,,fix target_term,,,,review,"Current target term appears too broad, structural, or unnatural.",,,杨杰康,candidate
TBV03-0144,no_0011,no,zh,forskrift,法规,general,high,active,,挪威语法规,missing,termbase_v0.2_static_scan,,check injection / add alias / adjust prompt strategy,,,,review,"Check whether missing is caused by injection failure, alias gap, or prompt behavior.",,,杨杰康,candidate
TBV03-0145,no_0012,no,zh,vedlegg,附件,document,medium,active,,挪威语附件,bad_target_term,termbase_v0.2_static_scan,,fix target_term,,,,review,"Current target term appears too broad, structural, or unnatural.",,,杨杰康,candidate
TBV03-0146,no_0013,no,zh,punkt,段落,document,medium,active,,挪威语段落,bad_target_term,termbase_v0.2_static_scan,,fix target_term,,,,review,"Current target term appears too broad, structural, or unnatural.",,,杨杰康,candidate
TBV03-0147,no_0014,no,zh,skal,应,modal,high,active,,挪威语义务词,bad_target_term,termbase_v0.2_static_scan,,fix target_term,,,,review,"Current target term appears too broad, structural, or unnatural.",,,杨杰康,candidate
TBV03-0148,pt_0001,pt,zh,veículo,车辆,general,high,active,,葡萄牙语车辆术语,bad_target_term,termbase_v0.2_static_scan,,fix target_term,,,,review,"Current target term appears too broad, structural, or unnatural.",,,杨杰康,candidate
TBV03-0149,pt_0002,pt,zh,veículo a motor,机动车,general,high,active,,葡萄牙语机动车术语,missing,termbase_v0.2_static_scan,,check injection / add alias / adjust prompt strategy,,,,review,"Check whether missing is caused by injection failure, alias gap, or prompt behavior.",,,杨杰康,candidate
TBV03-0150,pt_0003,pt,zh,fabricante,制造商,general,high,active,,葡萄牙语制造商,missing,termbase_v0.2_static_scan,,check injection / add alias / adjust prompt strategy,,,,review,"Check whether missing is caused by injection failure, alias gap, or prompt behavior.",,,杨杰康,candidate
TBV03-0151,pt_0004,pt,zh,homologação,型式认证,certification,high,active,,葡萄牙语型式认证,missing,termbase_v0.2_static_scan,,check injection / add alias / adjust prompt strategy,,,,review,"Check whether missing is caused by injection failure, alias gap, or prompt behavior.",,,杨杰康,candidate
TBV03-0152,pt_0005,pt,zh,autoridade de homologação,认证主管机构,certification,high,active,,葡萄牙语认证主管机构,missing,termbase_v0.2_static_scan,,check injection / add alias / adjust prompt strategy,,,,review,"Check whether missing is caused by injection failure, alias gap, or prompt behavior.",,,杨杰康,candidate
TBV03-0153,pt_0006,pt,zh,sistema de travagem,制动系统,braking,high,active,,葡萄牙语制动系统,missing,termbase_v0.2_static_scan,,check injection / add alias / adjust prompt strategy,,,,review,"Check whether missing is caused by injection failure, alias gap, or prompt behavior.",strict,external_acceptance,杨杰康,candidate
TBV03-0154,pt_0007,pt,zh,dispositivo de iluminação,照明装置,lighting,high,active,,葡萄牙语照明装置,missing,termbase_v0.2_static_scan,,check injection / add alias / adjust prompt strategy,,,,review,"Check whether missing is caused by injection failure, alias gap, or prompt behavior.",,,杨杰康,candidate
TBV03-0155,pt_0008,pt,zh,emissões,排放,emission,high,active,,葡萄牙语排放,missing,termbase_v0.2_static_scan,,check injection / add alias / adjust prompt strategy,,,,review,"Check whether missing is caused by injection failure, alias gap, or prompt behavior.",,,杨杰康,candidate
TBV03-0156,pt_0009,pt,zh,ensaio,试验,test,high,active,,葡萄牙语试验,missing,termbase_v0.2_static_scan,,check injection / add alias / adjust prompt strategy,,,,review,"Check whether missing is caused by injection failure, alias gap, or prompt behavior.",,,杨杰康,candidate
TBV03-0157,pt_0010,pt,zh,requisito,要求,general,medium,active,,葡萄牙语要求,bad_target_term,termbase_v0.2_static_scan,,fix target_term,,,,review,"Current target term appears too broad, structural, or unnatural.",,,杨杰康,candidate
TBV03-0158,pt_0011,pt,zh,regulamento,法规,general,high,active,,葡萄牙语法规,missing,termbase_v0.2_static_scan,,check injection / add alias / adjust prompt strategy,,,,review,"Check whether missing is caused by injection failure, alias gap, or prompt behavior.",,,杨杰康,candidate
TBV03-0159,pt_0012,pt,zh,anexo,附件,document,medium,active,,葡萄牙语附件,bad_target_term,termbase_v0.2_static_scan,,fix target_term,,,,review,"Current target term appears too broad, structural, or unnatural.",,,杨杰康,candidate
TBV03-0160,pt_0013,pt,zh,parágrafo,段落,document,medium,active,,葡萄牙语段落,bad_target_term,termbase_v0.2_static_scan,,fix target_term,,,,review,"Current target term appears too broad, structural, or unnatural.",,,杨杰康,candidate
TBV03-0161,pt_0014,pt,zh,deve,应,modal,high,active,,葡萄牙语义务词,bad_target_term,termbase_v0.2_static_scan,,fix target_term,,,,review,"Current target term appears too broad, structural, or unnatural.",,,杨杰康,candidate
TBV03-0162,sv_0001,sv,zh,fordon,车辆,general,high,active,,瑞典语车辆术语,bad_target_term,termbase_v0.2_static_scan,,fix target_term,,,,review,"Current target term appears too broad, structural, or unnatural.",,,杨杰康,candidate
TBV03-0163,sv_0002,sv,zh,motorfordon,机动车,general,high,active,,瑞典语机动车术语,missing,termbase_v0.2_static_scan,,check injection / add alias / adjust prompt strategy,,,,review,"Check whether missing is caused by injection failure, alias gap, or prompt behavior.",,,杨杰康,candidate
TBV03-0164,sv_0003,sv,zh,tillverkare,制造商,general,high,active,,瑞典语制造商,missing,termbase_v0.2_static_scan,,check injection / add alias / adjust prompt strategy,,,,review,"Check whether missing is caused by injection failure, alias gap, or prompt behavior.",,,杨杰康,candidate
TBV03-0165,sv_0004,sv,zh,typgodkännande,型式认证,certification,high,active,,瑞典语型式认证,missing,termbase_v0.2_static_scan,,check injection / add alias / adjust prompt strategy,,,,review,"Check whether missing is caused by injection failure, alias gap, or prompt behavior.",,,杨杰康,candidate
TBV03-0166,sv_0005,sv,zh,godkännandemyndighet,认证主管机构,certification,high,active,,瑞典语认证主管机构,missing,termbase_v0.2_static_scan,,check injection / add alias / adjust prompt strategy,,,,review,"Check whether missing is caused by injection failure, alias gap, or prompt behavior.",,,杨杰康,candidate
TBV03-0167,sv_0006,sv,zh,bromssystem,制动系统,braking,high,active,,瑞典语制动系统,missing,termbase_v0.2_static_scan,,check injection / add alias / adjust prompt strategy,,,,review,"Check whether missing is caused by injection failure, alias gap, or prompt behavior.",strict,external_acceptance,杨杰康,candidate
TBV03-0168,sv_0007,sv,zh,belysningsanordning,照明装置,lighting,high,active,,瑞典语照明装置,missing,termbase_v0.2_static_scan,,check injection / add alias / adjust prompt strategy,,,,review,"Check whether missing is caused by injection failure, alias gap, or prompt behavior.",,,杨杰康,candidate
TBV03-0169,sv_0008,sv,zh,utsläpp,排放,emission,high,active,,瑞典语排放,missing,termbase_v0.2_static_scan,,check injection / add alias / adjust prompt strategy,,,,review,"Check whether missing is caused by injection failure, alias gap, or prompt behavior.",,,杨杰康,candidate
TBV03-0170,sv_0009,sv,zh,provning,试验,test,high,active,,瑞典语试验,missing,termbase_v0.2_static_scan,,check injection / add alias / adjust prompt strategy,,,,review,"Check whether missing is caused by injection failure, alias gap, or prompt behavior.",,,杨杰康,candidate
TBV03-0171,sv_0010,sv,zh,krav,要求,general,medium,active,,瑞典语要求,bad_target_term,termbase_v0.2_static_scan,,fix target_term,,,,review,"Current target term appears too broad, structural, or unnatural.",,,杨杰康,candidate
TBV03-0172,sv_0011,sv,zh,föreskrift,法规,general,high,active,,瑞典语法规,missing,termbase_v0.2_static_scan,,check injection / add alias / adjust prompt strategy,,,,review,"Check whether missing is caused by injection failure, alias gap, or prompt behavior.",,,杨杰康,candidate
TBV03-0173,sv_0012,sv,zh,bilaga,附件,document,medium,active,,瑞典语附件,bad_target_term,termbase_v0.2_static_scan,,fix target_term,,,,review,"Current target term appears too broad, structural, or unnatural.",,,杨杰康,candidate
TBV03-0174,sv_0013,sv,zh,punkt,段落,document,medium,active,,瑞典语段落,bad_target_term,termbase_v0.2_static_scan,,fix target_term,,,,review,"Current target term appears too broad, structural, or unnatural.",,,杨杰康,candidate
TBV03-0175,sv_0014,sv,zh,ska,应,modal,high,active,,瑞典语义务词,bad_target_term,termbase_v0.2_static_scan,,fix target_term,,,,review,"Current target term appears too broad, structural, or unnatural.",,,杨杰康,candidate
TBV03-0176,th_0001,th,zh,ยานพาหนะ,车辆,general,high,active,,泰语车辆术语,bad_target_term,termbase_v0.2_static_scan,,fix target_term,,,,review,"Current target term appears too broad, structural, or unnatural.",,,杨杰康,candidate
TBV03-0177,th_0002,th,zh,ยานยนต์,机动车,general,high,active,,泰语机动车术语,missing,termbase_v0.2_static_scan,,check injection / add alias / adjust prompt strategy,,,,review,"Check whether missing is caused by injection failure, alias gap, or prompt behavior.",,,杨杰康,candidate
TBV03-0178,th_0003,th,zh,ผู้ผลิต,制造商,general,high,active,,泰语制造商,missing,termbase_v0.2_static_scan,,check injection / add alias / adjust prompt strategy,,,,review,"Check whether missing is caused by injection failure, alias gap, or prompt behavior.",,,杨杰康,candidate
TBV03-0179,th_0004,th,zh,การรับรองแบบ,型式认证,certification,high,active,,泰语型式认证,missing,termbase_v0.2_static_scan,,check injection / add alias / adjust prompt strategy,,,,review,"Check whether missing is caused by injection failure, alias gap, or prompt behavior.",,,杨杰康,candidate
TBV03-0180,th_0005,th,zh,ระบบเบรก,制动系统,braking,high,active,,泰语制动系统,missing,termbase_v0.2_static_scan,,check injection / add alias / adjust prompt strategy,,,,review,"Check whether missing is caused by injection failure, alias gap, or prompt behavior.",strict,external_acceptance,杨杰康,candidate
TBV03-0181,th_0006,th,zh,อุปกรณ์ให้แสงสว่าง,照明装置,lighting,high,active,,泰语照明装置,missing,termbase_v0.2_static_scan,,check injection / add alias / adjust prompt strategy,,,,review,"Check whether missing is caused by injection failure, alias gap, or prompt behavior.",,,杨杰康,candidate
TBV03-0182,th_0007,th,zh,การปล่อยมลพิษ,排放,emission,high,active,,泰语排放,missing,termbase_v0.2_static_scan,,check injection / add alias / adjust prompt strategy,,,,review,"Check whether missing is caused by injection failure, alias gap, or prompt behavior.",,,杨杰康,candidate
TBV03-0183,th_0008,th,zh,การทดสอบ,试验,test,high,active,,泰语试验,missing,termbase_v0.2_static_scan,,check injection / add alias / adjust prompt strategy,,,,review,"Check whether missing is caused by injection failure, alias gap, or prompt behavior.",,,杨杰康,candidate
TBV03-0184,th_0009,th,zh,ข้อกำหนด,要求,general,medium,active,,泰语要求,bad_target_term,termbase_v0.2_static_scan,,fix target_term,,,,review,"Current target term appears too broad, structural, or unnatural.",,,杨杰康,candidate
TBV03-0185,th_0010,th,zh,กฎระเบียบ,法规,general,high,active,,泰语法规,missing,termbase_v0.2_static_scan,,check injection / add alias / adjust prompt strategy,,,,review,"Check whether missing is caused by injection failure, alias gap, or prompt behavior.",,,杨杰康,candidate
TBV03-0186,th_0011,th,zh,ภาคผนวก,附件,document,medium,active,,泰语附件,bad_target_term,termbase_v0.2_static_scan,,fix target_term,,,,review,"Current target term appears too broad, structural, or unnatural.",,,杨杰康,candidate
TBV03-0187,th_0012,th,zh,วรรค,段落,document,medium,active,,泰语段落,bad_target_term,termbase_v0.2_static_scan,,fix target_term,,,,review,"Current target term appears too broad, structural, or unnatural.",,,杨杰康,candidate
TBV03-0188,vi_0001,vi,zh,xe,车辆,general,high,active,,越南语车辆术语,bad_target_term,termbase_v0.2_static_scan,,fix target_term,,,,review,"Current target term appears too broad, structural, or unnatural.",,,杨杰康,candidate
TBV03-0189,vi_0002,vi,zh,xe cơ giới,机动车,general,high,active,,越南语机动车术语,missing,termbase_v0.2_static_scan,,check injection / add alias / adjust prompt strategy,,,,review,"Check whether missing is caused by injection failure, alias gap, or prompt behavior.",,,杨杰康,candidate
TBV03-0190,vi_0003,vi,zh,nhà sản xuất,制造商,general,high,active,,越南语制造商,missing,termbase_v0.2_static_scan,,check injection / add alias / adjust prompt strategy,,,,review,"Check whether missing is caused by injection failure, alias gap, or prompt behavior.",,,杨杰康,candidate
TBV03-0191,vi_0004,vi,zh,phê duyệt kiểu loại,型式认证,certification,high,active,,越南语型式认证,partial_match,termbase_v0.2_static_scan,,add alias or split long multi-word term,,,,review,Check whether alias should be added or long term should be split.,,,杨杰康,candidate
TBV03-0192,vi_0005,vi,zh,cơ quan phê duyệt,认证主管机构,certification,high,active,,越南语认证主管机构,partial_match,termbase_v0.2_static_scan,,add alias or split long multi-word term,,,,review,Check whether alias should be added or long term should be split.,,,杨杰康,candidate
TBV03-0193,vi_0006,vi,zh,hệ thống phanh,制动系统,braking,high,active,,越南语制动系统,missing,termbase_v0.2_static_scan,,check injection / add alias / adjust prompt strategy,,,,review,"Check whether missing is caused by injection failure, alias gap, or prompt behavior.",strict,external_acceptance,杨杰康,candidate
TBV03-0194,vi_0007,vi,zh,thiết bị chiếu sáng,照明装置,lighting,high,active,,越南语照明装置,partial_match,termbase_v0.2_static_scan,,add alias or split long multi-word term,,,,review,Check whether alias should be added or long term should be split.,,,杨杰康,candidate
TBV03-0195,vi_0008,vi,zh,khí thải,排放,emission,high,active,,越南语排放,missing,termbase_v0.2_static_scan,,check injection / add alias / adjust prompt strategy,,,,review,"Check whether missing is caused by injection failure, alias gap, or prompt behavior.",,,杨杰康,candidate
TBV03-0196,vi_0009,vi,zh,thử nghiệm,试验,test,high,active,,越南语试验,missing,termbase_v0.2_static_scan,,check injection / add alias / adjust prompt strategy,,,,review,"Check whether missing is caused by injection failure, alias gap, or prompt behavior.",,,杨杰康,candidate
TBV03-0197,vi_0010,vi,zh,yêu cầu,要求,general,medium,active,,越南语要求,bad_target_term,termbase_v0.2_static_scan,,fix target_term,,,,review,"Current target term appears too broad, structural, or unnatural.",,,杨杰康,candidate
TBV03-0198,vi_0011,vi,zh,quy định,法规,general,high,active,,越南语法规,missing,termbase_v0.2_static_scan,,check injection / add alias / adjust prompt strategy,,,,review,"Check whether missing is caused by injection failure, alias gap, or prompt behavior.",,,杨杰康,candidate
TBV03-0199,vi_0012,vi,zh,phụ lục,附件,document,medium,active,,越南语附件,bad_target_term,termbase_v0.2_static_scan,,fix target_term,,,,review,"Current target term appears too broad, structural, or unnatural.",,,杨杰康,candidate
TBV03-0200,vi_0013,vi,zh,đoạn,段落,document,medium,active,,越南语段落,bad_target_term,termbase_v0.2_static_scan,,fix target_term,,,,review,"Current target term appears too broad, structural, or unnatural.",,,杨杰康,candidate
TBV03-0201,vi_0014,vi,zh,phải,应,modal,high,active,,越南语义务词,bad_target_term,termbase_v0.2_static_scan,,fix target_term,,,,review,"Current target term appears too broad, structural, or unnatural.",,,杨杰康,candidate
TBV03-0202,en_0050,en,zh,scope,适用范围,general_regulation,low,active,Scope,法规章节标题常见译法,broad term,termbase_v0.2_static_scan,,downgrade priority / exclude from core high terms / mark review,,,low,review,Broad or structural term; exclude from external core high term acceptance.,,,杨杰康,candidate
TBV03-0203,en_0051,en,zh,requirements,要求,general_regulation,high,active,requirement,法规技术要求,broad term,termbase_v0.2_static_scan,,downgrade priority / exclude from core high terms / mark review,,,low,review,Broad or structural term; exclude from external core high term acceptance.,,,杨杰康,candidate
TBV03-0204,ru_0018,ru,zh,приложение,附录,general_regulation,high,active,прил.;приложения,GOST/法规附件结构术语,bad_target_term,termbase_v0.2_static_scan,,fix target_term,,,,review,"Current target term appears too broad, structural, or unnatural.",,,杨杰康,candidate
TBV03-0205,ru_0019,ru,zh,таблица,表,general_regulation,low,active,табл.,结构性术语，通常不宜强约束,bad_target_term,termbase_v0.2_static_scan,,fix target_term,,,,review,"Current target term appears too broad, structural, or unnatural.",,,杨杰康,candidate
TBV03-0206,ru_0020,ru,zh,рисунок,图,general_regulation,low,active,рис.,结构性术语，通常不宜强约束,bad_target_term,termbase_v0.2_static_scan,,fix target_term,,,,review,"Current target term appears too broad, structural, or unnatural.",,,杨杰康,candidate
TBV03-0207,es_0085,es,zh,deberán,应,general_regulation,high,active,deber;deberá,法规强制性义务词,bad_target_term,termbase_v0.2_static_scan,,fix target_term,,,,review,"Current target term appears too broad, structural, or unnatural.",,,杨杰康,candidate
TBV03-0208,es_0086,es,zh,podrán,可以,general_regulation,medium,active,poder;podrá,法规许可性表达,bad_target_term,termbase_v0.2_static_scan,,fix target_term,,,,review,"Current target term appears too broad, structural, or unnatural.",,,杨杰康,candidate
TBV03-0209,es_0102,es,zh,cabina avanzada,前置/平头驾驶室,vehicle_general,high,active,cabina adelantada,法规定义为发动机位于habitáculo下方,partial_match,termbase_v0.2_static_scan,,add alias or split long multi-word term,,,,review,Check whether alias should be added or long term should be split.,relaxed,internal_diagnosis,杨杰康,candidate
TBV03-0210,es_0232,es,zh,GB/T,GB/T推荐性国家标准,general_regulation,high,active,Estándar Nacional de la República Popular China,中国推荐性国家标准引用,partial_match,termbase_v0.2_static_scan,,add alias or split long multi-word term,,,,review,Check whether alias should be added or long term should be split.,strict,external_acceptance,杨杰康,candidate
TBV03-0211,es_0234,es,zh,GB/T 25985-2010,GB/T 25985-2010,general_regulation,high,active,National Standard of the People's Republic of China,防盗装置可接受标准之一，编号保留,partial_match,termbase_v0.2_static_scan,,add alias or split long multi-word term,,,,review,Check whether alias should be added or long term should be split.,strict,external_acceptance,杨杰康,candidate
TBV03-0212,es_0246,es,zh,GB/T 30677,GB/T 30677,general_regulation,medium,active,GB/T30677,电子稳定控制相关中国标准编号，保留原文,partial_match,termbase_v0.2_static_scan,,add alias or split long multi-word term,,,,review,Check whether alias should be added or long term should be split.,,,杨杰康,candidate
TBV03-0213,es_0267,es,zh,sistemas y/o componentes del vehículo,车辆系统和/或部件,vehicle_safety,high,active,sistemas o componentes,防盗装置作用对象,partial_match,termbase_v0.2_static_scan,,add alias or split long multi-word term,,,,review,Check whether alias should be added or long term should be split.,strict,external_acceptance,杨杰康,candidate
TBV03-0214,es_0269,es,zh,sistema,系统,vehicle_safety,medium,active,sistemas,通用词，建议中优先级，避免误匹配,bad_target_term,termbase_v0.2_static_scan,,fix target_term,,,,review,"Current target term appears too broad, structural, or unnatural.",,,杨杰康,candidate
TBV03-0215,es_0270,es,zh,componente,部件,vehicle_safety,medium,active,componentes,通用词，建议中优先级,bad_target_term,termbase_v0.2_static_scan,,fix target_term,,,,review,"Current target term appears too broad, structural, or unnatural.",,,杨杰康,candidate
TBV03-0216,fr_0021,fr,zh,article,条,general_regulation,high,active,Article,法规条文结构术语,broad term,termbase_v0.2_static_scan,,downgrade priority / exclude from core high terms / mark review,,,low,review,Broad or structural term; exclude from external core high term acceptance.,,,杨杰康,candidate
TBV03-0217,it_0173,it,zh,permesso rosa,粉色通行/停车许可,road_traffic,medium,active,permessi rosa,孕妇或两岁以下儿童父母专用停车许可,partial_match,termbase_v0.2_static_scan,,add alias or split long multi-word term,,,,review,Check whether alias should be added or long term should be split.,,,杨杰康,candidate
TBV03-0218,no_0276,no,zh,skoleskyss,校车/学生交通,road_safety,medium,active,school transport,部委可规定相关交通安全措施,partial_match,termbase_v0.2_static_scan,,add alias or split long multi-word term,,,,review,Check whether alias should be added or long term should be split.,,,杨杰康,candidate
TBV03-0219,th_0141,th,zh,คุณสมบัติ,资格/性能要求,general_regulation,high,active,qualification;properties,公告标题和技术要求术语,partial_match,termbase_v0.2_static_scan,,add alias or split long multi-word term,,,,review,Check whether alias should be added or long term should be split.,strict,external_acceptance,杨杰康,candidate
TBV03-0220,th_0156,th,zh,เบาะนั่ง,座垫/座椅,seat_headrest,medium,active,seat cushion;seat,视上下文译为座椅或座垫,partial_match,termbase_v0.2_static_scan,,add alias or split long multi-word term,,,,review,Check whether alias should be added or long term should be split.,,,杨杰康,candidate
TBV03-0221,th_0197,th,zh,7/16 นิ้ว,7/16英寸,seatbelt_anchorage,high,active,7/16 inch,固定点螺纹孔规格,partial_match,termbase_v0.2_static_scan,,add alias or split long multi-word term,,,,review,Check whether alias should be added or long term should be split.,strict,external_acceptance,杨杰康,candidate
TBV03-0222,th_0253,th,zh,ISO/TS 16949,ISO/TS 16949,vehicle_approval,medium,active,ISO/TS 16949,汽车行业质量管理体系标准,partial_match,termbase_v0.2_static_scan,,add alias or split long multi-word term,,,,review,Check whether alias should be added or long term should be split.,,,杨杰康,candidate
TBV03-0223,sv_0079,sv,zh,direktiv 2008/98/EG,2008/98/EC指令,environment_regulation,high,active,Waste Framework Directive,欧盟废弃物框架指令,partial_match,termbase_v0.2_static_scan,,add alias or split long multi-word term,,,,review,Check whether alias should be added or long term should be split.,,,杨杰康,candidate
TBV03-0224,sv_0080,sv,zh,förordning (EU) 2019/1021,欧盟法规2019/1021,environment_regulation,high,active,POPs Regulation,持久性有机污染物法规,partial_match,termbase_v0.2_static_scan,,add alias or split long multi-word term,,,,review,Check whether alias should be added or long term should be split.,strict,external_acceptance,杨杰康,candidate
TBV03-0225,sv_0081,sv,zh,PCDD/F,多氯二苯并二噁英/呋喃,environment_waste,high,active,dioxins and furans,危险废弃物浓度限值相关物质,partial_match,termbase_v0.2_static_scan,,add alias or split long multi-word term,,,,review,Check whether alias should be added or long term should be split.,,,杨杰康,candidate
TBV03-0226,sv_0199,sv,zh,förordning (EG) nr 1013/2006,欧盟第1013/2006号法规,transboundary_waste,high,active,EU Regulation 1013/2006,废弃物转移法规,partial_match,termbase_v0.2_static_scan,,add alias or split long multi-word term,,,,review,Check whether alias should be added or long term should be split.,strict,external_acceptance,杨杰康,candidate
TBV03-0227,sv_0229,sv,zh,R 2,溶剂再生/回收,rcode_dcode,high,active,solvent reclamation/regeneration,回收操作代码R2,partial_match,termbase_v0.2_static_scan,,add alias or split long multi-word term,,,,review,Check whether alias should be added or long term should be split.,,,杨杰康,candidate
TBV03-0228,sv_0230,sv,zh,R 3,有机物再循环/回收,rcode_dcode,high,active,recycling/reclamation of organic substances,回收操作代码R3，含堆肥和气化等,partial_match,termbase_v0.2_static_scan,,add alias or split long multi-word term,,,,review,Check whether alias should be added or long term should be split.,,,杨杰康,candidate
TBV03-0229,sv_0231,sv,zh,R 4,金属及金属化合物再循环/回收,rcode_dcode,high,active,recycling/reclamation of metals and metal compounds,回收操作代码R4,partial_match,termbase_v0.2_static_scan,,add alias or split long multi-word term,,,,review,Check whether alias should be added or long term should be split.,,,杨杰康,candidate
TBV03-0230,sv_0232,sv,zh,R 5,其他无机材料再循环/回收,rcode_dcode,high,active,recycling/reclamation of other inorganic materials,回收操作代码R5，含回填和土壤清洗,partial_match,termbase_v0.2_static_scan,,add alias or split long multi-word term,,,,review,Check whether alias should be added or long term should be split.,,,杨杰康,candidate
TBV03-0231,nl_0044,nl,zh,richtlijn 2006/66/EG,2006/66/EC指令,battery_regulation,high,active,Battery Directive,欧盟电池及废电池指令,partial_match,termbase_v0.2_static_scan,,add alias or split long multi-word term,,,,review,Check whether alias should be added or long term should be split.,strict,external_acceptance,杨杰康,candidate
TBV03-0232,nl_0045,nl,zh,Richtlijn 91/157/EEG,91/157/EEC指令,battery_regulation,medium,active,Directive 91/157/EEC,被2006/66/EC废止的旧电池指令,partial_match,termbase_v0.2_static_scan,,add alias or split long multi-word term,,,,review,Check whether alias should be added or long term should be split.,,,杨杰康,candidate
TBV03-0233,nl_0046,nl,zh,Richtlijn (EU) 2015/1535,欧盟2015/1535号指令,market_surveillance,medium,active,Directive EU 2015/1535,信息社会服务定义来源,partial_match,termbase_v0.2_static_scan,,add alias or split long multi-word term,,,,review,Check whether alias should be added or long term should be split.,,,杨杰康,candidate
TBV03-0234,nl_0150,nl,zh,financiering,融资/费用承担,battery_finance,high,active,financing,生产者承担回收处理信息等全部费用,partial_match,termbase_v0.2_static_scan,,add alias or split long multi-word term,,,,review,Check whether alias should be added or long term should be split.,,,杨杰康,candidate
TBV03-0235,pt_0038,pt,zh,ONU/UNECE,联合国/欧洲经济委员会,vehicle_approval,high,active,United Nations/ECE,巴西法规认可的国际技术法规体系,partial_match,termbase_v0.2_static_scan,,add alias or split long multi-word term,,,,review,Check whether alias should be added or long term should be split.,strict,external_acceptance,杨杰康,candidate
TBV03-0236,pt_0051,pt,zh,código de Marca/Modelo/Versão,品牌/型号/版本代码,vehicle_approval,high,active,MMV code,巴西车型项目适用日期判断核心术语,partial_match,termbase_v0.2_static_scan,,add alias or split long multi-word term,,,,review,Check whether alias should be added or long term should be split.,strict,external_acceptance,杨杰康,candidate
TBV03-0237,pt_0052,pt,zh,novo projeto,新项目/新车型项目,vehicle_approval,high,active,new project,从未获得品牌/型号/版本代码的车型,partial_match,termbase_v0.2_static_scan,,add alias or split long multi-word term,,,,review,Check whether alias should be added or long term should be split.,strict,external_acceptance,杨杰康,candidate
TBV03-0238,pt_0172,pt,zh,desligar,熄灭/关闭,vehicle_lighting,medium,active,switch off,灯具联动要求,partial_match,termbase_v0.2_static_scan,,add alias or split long multi-word term,,,,review,Check whether alias should be added or long term should be split.,,,杨杰康,candidate
TBV03-0239,pt_0193,pt,zh,motoneta,轻便摩托车/踏板摩托车,vehicle_category,high,active,motor scooter,巴西车型分类,partial_match,termbase_v0.2_static_scan,,add alias or split long multi-word term,,,,review,Check whether alias should be added or long term should be split.,strict,external_acceptance,杨杰康,candidate
TBV03-0240,pt_0205,pt,zh,Chassi/Cabine,底盘/驾驶室,vehicle_category,high,active,chassis/cab,后方报警监测豁免对象,partial_match,termbase_v0.2_static_scan,,add alias or split long multi-word term,,,,review,Check whether alias should be added or long term should be split.,strict,external_acceptance,杨杰康,candidate
TBV03-0241,pt_0301,pt,zh,arco,弧分/弧,testing,medium,active,arc,视觉角度单位语境,partial_match,termbase_v0.2_static_scan,,add alias or split long multi-word term,,,,review,Check whether alias should be added or long term should be split.,,,杨杰康,candidate
TBV03-0242,pt_0354,pt,zh,pulverização,喷射/喷雾,testing,medium,active,spraying,喷砂或喷水语境,partial_match,termbase_v0.2_static_scan,,add alias or split long multi-word term,,,,review,Check whether alias should be added or long term should be split.,,,杨杰康,candidate
TBV03-0243,pt_0421,pt,zh,acionamento,启用/操作,vehicle_control,high,active,activation,灯具或系统启动动作,partial_match,termbase_v0.2_static_scan,,add alias or split long multi-word term,,,,review,Check whether alias should be added or long term should be split.,relaxed,internal_diagnosis,杨杰康,candidate
TBV03-0244,vi_0016,vi,zh,QCVN 09:2024/BGTVT,越南国家技术规范QCVN 09:2024/BGTVT,vehicle_regulation,high,active,National Technical Regulation on Safety and Environmental Protection for Automobiles,汽车安全与环境保护国家技术规范,partial_match,termbase_v0.2_static_scan,,add alias or split long multi-word term,,,,review,Check whether alias should be added or long term should be split.,strict,external_acceptance,杨杰康,candidate
TBV03-0245,vi_0017,vi,zh,QCVN 09:2015/BGTVT,越南国家技术规范QCVN 09:2015/BGTVT,vehicle_regulation,medium,active,previous version,被QCVN 09:2024/BGTVT替代的旧版规范,partial_match,termbase_v0.2_static_scan,,add alias or split long multi-word term,,,,review,Check whether alias should be added or long term should be split.,,,杨杰康,candidate
TBV03-0246,vi_0020,vi,zh,Thông tư,通知/通函,general_regulation,high,active,Circular,越南部门规章文件类型,partial_match,termbase_v0.2_static_scan,,add alias or split long multi-word term,,,,review,Check whether alias should be added or long term should be split.,strict,external_acceptance,杨杰康,candidate
TBV03-0247,vi_0021,vi,zh,Thông tư số 48/2024/TT-BGTVT,第48/2024/TT-BGTVT号通知,general_regulation,high,active,Circular No. 48/2024/TT-BGTVT,QCVN 09:2024/BGTVT发布依据,partial_match,termbase_v0.2_static_scan,,add alias or split long multi-word term,,,,review,Check whether alias should be added or long term should be split.,strict,external_acceptance,杨杰康,candidate
TBV03-0248,vi_0056,vi,zh,khoảng cách trục,轴距/轴间距,vehicle_geometry,high,active,axle spacing;wheelbase,视上下文可指轴距或轴组轴间距,partial_match,termbase_v0.2_static_scan,,add alias or split long multi-word term,,,,review,Check whether alias should be added or long term should be split.,relaxed,internal_diagnosis,杨杰康,candidate
TBV03-0249,vi_0107,vi,zh,QCVN 34:2024/BGTVT,越南国家技术规范QCVN 34:2024/BGTVT,wheel_tire,high,active,tire regulation,轮胎合规依据,partial_match,termbase_v0.2_static_scan,,add alias or split long multi-word term,,,,review,Check whether alias should be added or long term should be split.,strict,external_acceptance,杨杰康,candidate
TBV03-0250,vi_0189,vi,zh,QCVN 109:2024/BGTVT,越南国家技术规范QCVN 109:2024/BGTVT,emissions,high,active,Level 5 Emissions,第5阶段排放要求依据,partial_match,termbase_v0.2_static_scan,,add alias or split long multi-word term,,,,review,Check whether alias should be added or long term should be split.,strict,external_acceptance,杨杰康,candidate
TBV03-0251,vi_0214,vi,zh,lít/100 km,升/100公里,energy_consumption,medium,active,liters per 100 km,汽油/柴油消耗单位,partial_match,termbase_v0.2_static_scan,,add alias or split long multi-word term,,,,review,Check whether alias should be added or long term should be split.,,,杨杰康,candidate
TBV03-0252,vi_0215,vi,zh,m3/100 km,立方米/100公里,energy_consumption,medium,active,cubic meters per 100 km,天然气/CNG消耗单位,partial_match,termbase_v0.2_static_scan,,add alias or split long multi-word term,,,,review,Check whether alias should be added or long term should be split.,,,杨杰康,candidate
TBV03-0253,vi_0216,vi,zh,kg/100 km,千克/100公里,energy_consumption,medium,active,kg per 100 km,氢消耗单位,partial_match,termbase_v0.2_static_scan,,add alias or split long multi-word term,,,,review,Check whether alias should be added or long term should be split.,,,杨杰康,candidate
TBV03-0254,vi_0217,vi,zh,Wh/km,瓦时/公里,energy_consumption,medium,active,watt-hour per km,电耗单位,partial_match,termbase_v0.2_static_scan,,add alias or split long multi-word term,,,,review,Check whether alias should be added or long term should be split.,,,杨杰康,candidate
TBV03-0255,ar_0020,ar,zh,تصحيح الأوضاع,整改状态/纠正状态,general_regulation,high,active,corrective status adjustment,供应商365天整改期相关术语,partial_match,termbase_v0.2_static_scan,,add alias or split long multi-word term,,,,review,Check whether alias should be added or long term should be split.,strict,external_acceptance,杨杰康,candidate
TBV03-0256,ar_0073,ar,zh,إعادة التصدير,退运/重新出口,customs,high,active,re-export,不合规产品处理方式之一,partial_match,termbase_v0.2_static_scan,,add alias or split long multi-word term,,,,review,Check whether alias should be added or long term should be split.,strict,external_acceptance,杨杰康,candidate
TBV03-0257,ar_0145,ar,zh,متصل جلفانياً,电流连接/电气连接,ev_safety,high,active,galvanically connected,外露导电部件与电气底盘连接要求,partial_match,termbase_v0.2_static_scan,,add alias or split long multi-word term,,,,review,Check whether alias should be added or long term should be split.,strict,external_acceptance,杨杰康,candidate
TBV03-0258,ar_0150,ar,zh,Ω/V,欧姆/伏,ev_safety,high,active,ohm per volt,绝缘电阻单位,partial_match,termbase_v0.2_static_scan,,add alias or split long multi-word term,,,,review,Check whether alias should be added or long term should be split.,strict,external_acceptance,杨杰康,candidate
TBV03-0259,ar_0156,ar,zh,الغمر بالماء,浸水/涉水,ev_safety,high,active,flooding/water exposure,防水保护场景之一,partial_match,termbase_v0.2_static_scan,,add alias or split long multi-word term,,,,review,Check whether alias should be added or long term should be split.,strict,external_acceptance,杨杰康,candidate
TBV03-0260,ar_0195,ar,zh,kWh/100km,千瓦时/100公里,ev_performance,high,active,kWh per 100 km,电动车能耗单位,partial_match,termbase_v0.2_static_scan,,add alias or split long multi-word term,,,,review,Check whether alias should be added or long term should be split.,strict,external_acceptance,杨杰康,candidate
TBV03-0261,ar_0216,ar,zh,المقبس,插座/车辆插口,ev_charging,medium,active,inlet/socket,Type 2组件之一，依上下文译为插座或车辆插口,partial_match,termbase_v0.2_static_scan,,add alias or split long multi-word term,,,,review,Check whether alias should be added or long term should be split.,,,杨杰康,candidate
TBV03-0262,ar_0227,ar,zh,التوافقية,互操作性/兼容性,ev_charging,high,active,interoperability/compatibility,充电接口统一目的,partial_match,termbase_v0.2_static_scan,,add alias or split long multi-word term,,,,review,Check whether alias should be added or long term should be split.,strict,external_acceptance,杨杰康,candidate
TBV03-0263,ar_0243,ar,zh,كم/ساعة,公里/小时,vehicle_performance,medium,active,km/h,设计速度单位,partial_match,termbase_v0.2_static_scan,,add alias or split long multi-word term,,,,review,Check whether alias should be added or long term should be split.,,,杨杰康,candidate
TBV03-0264,ar_0251,ar,zh,SASO GSO,沙特/海湾标准,standards,high,active,SASO GSO,沙特采用海湾标准编号,partial_match,termbase_v0.2_static_scan,,add alias or split long multi-word term,,,,review,Check whether alias should be added or long term should be split.,strict,external_acceptance,杨杰康,candidate
TBV03-0265,ar_0285,ar,zh,الجرارات,牵引车/拖拉机,customs,medium,active,tractors,海关税则8701相关类别,partial_match,termbase_v0.2_static_scan,,add alias or split long multi-word term,,,,review,Check whether alias should be added or long term should be split.,,,杨杰康,candidate
TBV03-0266,ms_0066,ms,zh,NGV,天然气汽车/天然气车辆,fuel_system,high,active,Natural Gas Vehicle,燃料系统技术资料项,partial_match,termbase_v0.2_static_scan,,add alias or split long multi-word term,,,,review,Check whether alias should be added or long term should be split.,strict,external_acceptance,杨杰康,candidate
TBV03-0267,ms_0071,ms,zh,portfolio,资料夹/申请资料包,vehicle_approval,medium,active,portfolio,VTA需提交两份资料包,partial_match,termbase_v0.2_static_scan,,add alias or split long multi-word term,,,,review,Check whether alias should be added or long term should be split.,,,杨杰康,candidate
TBV03-0268,ms_0123,ms,zh,pemeriksaan fizikal,实车检查/物理检查,vehicle_inspection,high,active,physical inspection,按提交清单核验车辆,partial_match,termbase_v0.2_static_scan,,add alias or split long multi-word term,,,,review,Check whether alias should be added or long term should be split.,strict,external_acceptance,杨杰康,candidate
TBV03-0269,ms_0133,ms,zh,penuh,加满/满,fuel_system,medium,active,full,燃油箱试驾要求,partial_match,termbase_v0.2_static_scan,,add alias or split long multi-word term,,,,review,Check whether alias should be added or long term should be split.,,,杨杰康,candidate
TBV03-0270,ms_0134,ms,zh,nombor perdagangan,试车牌/贸易牌照,vehicle_registration,high,active,trade plate,所有类别包括摩托车需提供,partial_match,termbase_v0.2_static_scan,,add alias or split long multi-word term,,,,review,Check whether alias should be added or long term should be split.,,,杨杰康,candidate
TBV03-0271,ms_0135,ms,zh,plat perdagangan,试车牌/贸易牌照,vehicle_registration,high,active,trade plates,同义表达，统一译法,partial_match,termbase_v0.2_static_scan,,add alias or split long multi-word term,,,,review,Check whether alias should be added or long term should be split.,,,杨杰康,candidate
TBV03-0272,ms_0138,ms,zh,pembentangan teknikal,技术说明/技术演示,vehicle_inspection,high,active,technical presentation,制造商向检查官说明技术规格,partial_match,termbase_v0.2_static_scan,,add alias or split long multi-word term,,,,review,Check whether alias should be added or long term should be split.,strict,external_acceptance,杨杰康,candidate
TBV03-0273,ms_0171,ms,zh,pengubahsuaian,改装/变更,vehicle_approval,high,active,modification,与VTA文件不同需14天内通知,partial_match,termbase_v0.2_static_scan,,add alias or split long multi-word term,,,,review,Check whether alias should be added or long term should be split.,strict,external_acceptance,杨杰康,candidate
TBV03-0274,ms_0176,ms,zh,dikuatkuasakan,已实施/已强制执行,general_regulation,high,active,enforced,UN法规实施状态,partial_match,termbase_v0.2_static_scan,,add alias or split long multi-word term,,,,review,Check whether alias should be added or long term should be split.,strict,external_acceptance,杨杰康,candidate
TBV03-0275,ms_0227,ms,zh,rangka berasingan,非承载式车架/独立车架,vehicle_structure,medium,active,separate frame,M/N类车身结构类型,partial_match,termbase_v0.2_static_scan,,add alias or split long multi-word term,,,,review,Check whether alias should be added or long term should be split.,,,杨杰康,candidate
TBV03-0276,ms_0261,ms,zh,berat,重量/质量,vehicle_weight,high,active,weight,技术规格类别,partial_match,termbase_v0.2_static_scan,,add alias or split long multi-word term,,,,review,Check whether alias should be added or long term should be split.,strict,external_acceptance,杨杰康,candidate
TBV03-0277,ms_0280,ms,zh,Wh/100km,瓦时/100公里,ev_powertrain,medium,active,Wh per 100 km,电动车能耗单位,partial_match,termbase_v0.2_static_scan,,add alias or split long multi-word term,,,,review,Check whether alias should be added or long term should be split.,,,杨杰康,candidate
TBV03-0278,ms_0315,ms,zh,cermin,玻璃/后视镜,vehicle_safety,medium,active,glass;mirror,需按上下文判断，R43为玻璃，R46为后视镜,partial_match,termbase_v0.2_static_scan,,add alias or split long multi-word term,,,,review,Check whether alias should be added or long term should be split.,,,杨杰康,candidate
